{
    "loss ": 0.49561363458633423,
    "accuracy": 0.8494623899459839
}