{
    "loss ": 0.4701288342475891,
    "accuracy": 0.8172042965888977
}