{
    "loss ": 0.4936005771160126,
    "accuracy": 0.9139785170555115
}