{
    "loss ": 0.9980412125587463,
    "accuracy": 0.774193525314331
}